"operador","id-operador","id-servicio-orbyta","cliente/uso","direccion","capacidad","order-de-compra","esta-vigente","moneda"
"CLARO","02-25-0010047854","13-0012-009","Orbyta Nodo ENV","Av el Condor 844",100,1149,"SI","UF"
"GTD","EnMPLSFO_010361088","18-0127-034","Yolito","ANTILLANCA 510,QUILICURA,SANTIAGO",100,2819,"SI","UF"
"GTD"," RedPriv_010378649 (EnMPLSFO_010361097)","13-0012-282","Nodo Parque Oriente","AVENIDA ALONSO DE CORDOVA 5320 -2,LAS CONDES,SANTIAGO",200,2895,"SI","UF"
"GTD","EnMPLSFO_010254529","18-0378-017","Soluciones Tecnológicas Primetec Limitada","AVENIDA ALONSO DE CORDOVA 5870 18,LAS CONDES,SANTIAGO",20,2206,"SI","UF"
"GTD","EnMPLSFO_010359792","21-0162-002","IMPORTADORA Y COMERCIALIZADORA STYLO SPA","AVENIDA AMERICO VESPUCIO 3000 9,CERRILLOS,SANTIAGO",100,2707,"SI","UF"
"CLARO","02-25-0010251159","17-0214-017","Televisión Nacional de Chile","Bulnes km 3.5 Punta Arenas",50,1839,"SI","UF"
"ENTEL",10000182156,"12-0013-092","COLEGIOS DUNALASTAIR VALLE NORTE S.A. ","Valle Alegre 225",100,1500,"SI","UF"
"NETLAND",110422,"18-0002-038","Hotel La Leonera SPA ","Camino La Leonera SN",100,2637,"SI","UF"
"CLARO","02-25-0010251160","17-0214-016","Televisión Nacional de Chile","Luis Durand 0368 Temuco",50,1839,"SI","UF"
"CLARO","02-25-0010251161","17-0214-015","Televisión Nacional de Chile","Vasco Nuñes de Balboa 6950 Concepcion",50,1839,"SI","UF"
"CLARO","02-25-0010251162","17-0214-014","Televisión Nacional de Chile","5 Norte 820 Talca",50,1839,"SI","UF"
"CLARO","02-25-0010251163","17-0214-013","Televisión Nacional de Chile","Cachapoal 1320 Rancagua",50,1839,"SI","UF"
"CLARO","02-25-0010251164","17-0214-012","Televisión Nacional de Chile","Vista Hermosa 247 Viña del Mar",50,1839,"SI","UF"
"PIT CHILE",,,"Orbyta","Puerta Pit Chile en IFX El Bosque 10G",,2588,"SI","UF"
"ENTEL",10000182636,"12-0013-093","COLEGIOS DUNALASTAIR VALLE NORTE S.A. ","Av Las Condes 11931",100,1501,"SI","UF"
"ENTEL",10000184160,"12-0013-094","COLEGIOS DUNALASTAIR VALLE NORTE S.A. ","Quilin 8669",100,1502,"SI","UF"
"UFINET","CLCLORB10000001I","19-0324-027","BPO Advisors SpA","Intenet 100/30 Mbps Av del valle 928 (1:4). 5 IP Disponibles [6.80 UFF]",,2222,"SI","UF"
"ENTEL",10000200707,"13-0012-106","Orbyta Nodo Ioffice","Almirante Pastene 185",100,350,"SI","UF"
"CLARO","02-25-0010251165","17-0214-011","Televisión Nacional de Chile","Francisco de Aguirre 550 La Serena",50,1839,"SI","UF"
"CLARO","02-25-0010251166","17-0214-010","Televisión Nacional de Chile","Henriquez 393 Copiapo",50,1839,"SI","UF"
"CLARO","02-25-0010251167","17-0214-019","Televisión Nacional de Chile","Tarapaca 2118 Calama",50,1839,"SI","UF"
"CLARO","02-25-0010343442","21-0176-003","Inversiones Ipcom Chile Limitada","IPCOM",100,2482,"SI","UF"
"CLARO","15-02-0010076648",,"Orbyta Trama SS7","Servicio telefonico",,,"SI","UF"
"CLARO","15-02-0010152440",,"Orbyta Trama SS7","Servicio telefonico",,,"SI","UF"
"CLARO","15-02-0010160498",,"Orbyta Trama SS7","Servicio telefonico",,,"SI","UF"
"CLARO","15-02-0010341775",,"Orbyta Trama E1 Pri","Servicio telefonico",,2450,"SI","UF"
"CLARO","15-02-0010341777",,"Orbyta Trama E1 Pri","Servicio telefonico",,2450,"SI","UF"
"CLARO","15-02-0010341778",,"Orbyta Trama E1 Pri","Servicio telefonico",,2450,"SI","UF"
"ENTEL",10000257917,"13-0012-088","Orbyta Nodo Los Abedules","Los Abedules 3085",100,765,"SI","UF"
"ENTEL",10000257933,"13-0012-104","Orbyta Nodo Workennedy","Av Kennedy 5600",100,498,"SI","UF"
"ENTEL",10000265034,"13-0006-034","CONSTRUCTORA EXCON S.A","Faena Toconao, Salar de Atacama",40,"909/922","SI","UF"
"ENTEL",10000307254,"12-0019-060","FUENZALIDA PROPIEDADES SANTIAGO S.A.","JOSE ALCALDE DELANO 12486",4,814,"SI","UF"
"ENTEL",10000341398,"15-0102-045","Agrocomercial Codigua (La Vaquita)","Av Providencia 1208",100,"1199/1457","SI","UF"
"ENTEL",10000349374,"17-0002-004","ASOCIACIÓN DE EXPORTADORES DE FRUTAS DE CHILE (ASOEX CABRERO)","Ruta 5 sur K, 458,5 ",10,1253,"SI","UF"
"ENTEL",10000370579,"19-0340-048","Servicios Médicos Dial S.A","Providencia 2633",40,2557,"SI","UF"
"ENTEL",10000371085,"17-0026-006","NETSECURE INFORMATICA S.A. (CORONA)","Providencia 655",100,2281,"SI","UF"
"ENTEL",10000382575,"13-0012-148","Orbyta Nodo Bucarest/Suecia","Bucarest 150",100,1503,"SI","UF"
"TELEFONICA","LLAORB13900","13-0012-042","Orbyta Nodo Santa Maria 1 ","LOS CONQUISTADORES 1700",100,1218,"SI","UF"
"ENTEL",10000405664,"16-0078-050","Pentacrom ","Agustinas 972",50,"1639/1983","SI","UF"
"TELEFONICA","LLAORB14268","19-0340-012","Servicios Médicos Medicien S.A","ANDRES BELLO 2294",40,1322,"SI","UF"
"ENTEL",10000433739,"15-0106-041","Bidvest","Lo Echevers 550",10,1762,"SI","UF"
"TELEFONICA","LLAORB14471","18-0507-013","ADMINISTRADORA COLEGIOS PEDRO DE VALDIVIA SPA","AGUSTINAS 2009",100,1364,"SI","UF"
"TELEFONICA","LLAORB15623","13-0012-191","Orbyta Nodo Alto El Plomo ","LOS MILITARES 5890",100,1679,"SI","UF"
"ENTEL",10000436039,"18-0220-009","Ingeniería y Maquinaria Tambo Limitada","La Cruz 0402",100,"1773/2063","SI","UF"
"ENTEL",10000471803,"18-0300-002","COLEGIO PEDRO DE VALDIVIA PROVIDENCIA SpA","Av Pedro de Valdivia 1939",400,1931,"SI","UF"
"ENTEL",10000471812,"19-0205-002","RODRIGUEZ Y MAULEN EDUCACIONAL SpA","Agustinas 2009",400,2313,"SI","UF"
"ENTEL",10000471853,"18-0507-023","ADMINISTRADORA COLEGIOS PEDRO DE VALDIVIA SPA","Quilin 5473",300,1929,"SI","UF"
"ENTEL",10000472312,"15-0067-014","ASOCIACIÓN DE EXPORTADORES DE FRUTAS DE CHILE","Cruz del Sur 133",20,1933,"SI","UF"
"TELEFONICA","LLAORB15641","13-0012-197","Orbyta Nodo Uptown","KENNEDY 7440 P 1",100,1688,"SI","UF"
"ENTEL",10000475341,"18-0507-015","ADMINISTRADORA COLEGIOS PEDRO DE VALDIVIA SPA","Av Las Condes 13349",100,1932,"SI","UF"
"ENTEL",10000512867,"12-0013-083","COLEGIOS DUNALASTAIR VALLE NORTE S.A. ","Camino del Solar S/N ",100,2114,"SI","UF"
"MOVISTAR LD","LLAMOV10703","13-0012-123","Orbyta","Transito IP Nacional e Internacional (300mbps)",300,,"SI","CLP"
"PARALLEL",,"13-0006-039","CONSTRUCTORA EXCON S.A","Cañada del Carmen 7 Lampa",10,1671,"SI","UF"
"PARALLEL",,"12-0004-163","AGROCOMMERCE S.A.","Jose Miguel Infante 8745, renca",20,"1672/2080","SI","UF"
"PARALLEL",,"15-0102-080","AGROCOMERCIAL CODIGUA SPA","A.Vespucio 0350",20,2151,"SI","UF"
"TELEFONICA","LLAORB15651","18-0127-002","YOLITO BALART HERMANOS LIMITADA","LAS TRINITARIAS 7087",100,1690,"SI","UF"
"TELEFONICA"," NAP201110069",,"Orbyta","LA CONCEPCIoN 141",,,"SI","UF"
"TELEFONICA","C596712",,,"OC ACCESO TELEFONICA SN Entronque 1G",,,"SI","UF"
"TELEFONICA","C845951","13-0012-198","Orbyta Trunk L2 1G Movistar","HOLANDA 358",1000,,"SI","UF"
"TELEFONICA","C968381",,,"OC PROVIDENCIA SN",,,"SI","UF"
"TELEFONICA","LLAMOV10704","12-0001-020","IMPORTADORA DILACO S.A.","PÉREZ VALENZUELA 1138",100,1155,"SI","UF"
"TELEFONICA","LLAORB10717","12-0008-019","HOLDTECH S.A.","LIRA 278",100,89,"SI","UF"
"TELEFONICA","LLAORB10770","12-0016-010","OUTSOURCING INTERNACIONAL CORREDORES DE SEGUROS","Av El Bosque Norte 140",50,2308,"SI","UF"
"TELEFONICA","LLAORB10951","13-0006-010","CONSTRUCTORA EXCON S.A","CANADA DEL CARMEN, PARCELA 7",100,832,"SI","UF"
"TELEFONICA","LLAORB11447","13-0016-004","AITEC S.A.","ELEODORO YANEZ 1812",10,363,"SI","UF"
"TELEFONICA","LLAORB11711","13-0012-117","Orbyta Nodo Padre Mariano ","PADRE MARIANO 391",100,1153,"SI","UF"
"TELEFONICA","LLAORB11735","13-0012-108","Orbyta Nodo Ioffice","ALMIRANTE PASTENE 185",100,429,"SI","UF"
"TELEFONICA","LLAORB12137","13-0006-007","CONSTRUCTORA EXCON S.A","AV. DEL CONDOR 550",100,833,"SI","UF"
"TELEFONICA","LLAORB12537","13-0012-128","Orbyta Nodo Las Condes Capital ","CERRO EL PLOMO 5931",100,1153,"SI","UF"
"TELEFONICA","LLAORB13177","15-0067-004","ASOCIACIÓN DE EXPORTADORES DE FRUTAS DE CHILE","CALLE CRUZ DEL SUR 133",100,878,"SI","UF"
"TELEFONICA","LLAORB13336","15-0085-026","Laboratorio LVN SPA","Avenida Gabriela Poniente 1700",10,2408,"SI","UF"
"TELEFONICA","LLAORB13646","16-0012-016","Asesorías y Cobranzas RV","DON CARLOS 2939",10,1117,"SI","UF"
"TELEFONICA","LLAORB13700","15-0085-035","Laboratorio LVN SPA","SPA Mapocho 5025",10,1136,"SI","UF"
"TELEFONICA","LLAORB14470","17-0297-002","COLEGIO PEDRO DE VALDIVIA PENALOLEN SPA","Avenida Quilin 5473 ",1000,"1363/2310","SI","UF"
"TELEFONICA","LLAORB14948","13-0012-252","Orbyta Nodo Pamplona","Avenida Providencia 1208 P -1",200,"1475/2336","SI","UF"
"TELEFONICA","LLAORB15268","15-0085-028","Laboratorio LVN SPA ","Avenida Lo Ovalle 347",10,2410,"SI","UF"
"TELEFONICA","LLAORB15482","18-0141-019","Inmobiliaria Gracia SpA","CARLOS FERNANDEZ CONCHA 260",100,1646,"SI","UF"
"TELEFONICA","LLAORB15647","18-0127-006","YOLITO BALART HERMANOS LIMITADA ","CALLE ANTILLANCA 510",100,"1697 / 3140","SI","UF"
"TELEFONICA","LLAORB15855","15-0053-012","INVERSIONES Y SERVICIOS PROFESIONALES SCHUMILO FARIZO SPA","PRINCIPE DE GALES 7151 P2",10,1745,"SI","UF"
"TELEFONICA","LLAORB16234","15-0102-079","AGROCOMERCIAL CODIGUA SPA","AMéRICO VESPUCIO 0350",50,"1849/2684","SI","UF"
"TELEFONICA","LLAORB16626","19-0206-002","COLEGIO PEDRO DE VALDIVIA LAS CONDES SpA","Av Las Condes 13349",400,"1366/1942/2311","SI","UF"
"TELEFONICA","LLAORB16692","13-0012-172","Orbyta Nodo Machali","Pucará 20",200,"1593/1974","SI","UF"
"TELEFONICA","LLAORB16845","18-0168-005","ByD Chile SpA","Claudio Arrau 7050",50,2022,"SI","UF"
"TELEFONICA","LLAORB16916","17-0061-004","EGC SpA","Avenida José Miguel Infante 8765 Bodega 22-23",100,"2031 / 3276","SI","UF"
"TELEFONICA","LLAORB16917","18-0127-012","YOLITO BALART HERMANOS LIMITADA ","Barros Luco 3419 Lampa",100,2034,"SI","UF"
"TELEFONICA","LLAORB16948","13-0012-154","Orbyta Nodo Modulo","Doctor Manuel Barros Borgoño 110",200,2032,"SI","UF"
"TELEFONICA","LLAORB17184","19-0262-001","BENAVENTE LEON SpA","Paseo Ahumada 254 of 82",30,2105,"SI","UF"
"TELEFONICA","LLAORB17246","20-0010-001","DISTRISUR SPA ","Carretera Longitudinal Sur 682, Padre Las Casas",50,2123,"SI","UF"
"TELEFONICA","LLAORB17646","14-0076-038","SOCIEDAD DE CORREDORES DE SEGUROS SANTA MARIA DE LOS ANGELES","Malaga 50 of 61",50,2200,"SI","UF"
"TELEFONICA","LLAORB17790","12-0013-081","COLEGIOS DUNALASTAIR VALLE NORTE S.A.","Avenida Quilin 8669",100,2108,"SI","UF"
"TELEFONICA","LLAORB17791","12-0013-080","COLEGIOS DUNALASTAIR VALLE NORTE S.A.","Avenida las Condes 11931",200,2107,"SI","UF"
"TELEFONICA","LLAORB17792","12-0013-079","COLEGIOS DUNALASTAIR VALLE NORTE S.A.","Valle Alegre 225",200,2106,"SI","UF"
"TELEFONICA","LLAORB17794","12-0013-091","COLEGIOS DUNALASTAIR VALLE NORTE S.A.","Camino del Solar S/N ",200,"930/2236","SI","UF"
"TELEFONICA","LLAORB17841","21-0100-001","SWITCH COMUNICACIONES LIMITADA ","Morande 360",100,2228,"SI","UF"
"TELEFONICA","LLAORB17913","20-0029-007","CONPAX ADMINISTRACION SPA ","Avenida Santa Clara 300",50,2266,"SI","UF"
"TELEFONICA","LLAORB18017","16-0078-059","PENTACROM S.A ","Arlegui 263, Valparaiso",100,2280,"SI","UF"
"TELEFONICA","LLAORB18026","19-0139-004","Clínica Odontología Smartdent SPA ","Paseo Ahumada 254",20,2270,"SI","UF"
"TELEFONICA","LLAORB18036","19-0139-003","Clínica Odontología Smartdent SPA ","Av libertador bernardo ohiggins 1449",20,2271,"SI","UF"
"ENTEL",10000552534,,,,,,"SI","UF"
"ENTEL",10000552535,,,,,,"SI","UF"
"TELEFONICA","LLAORB18054","19-0139-002","Clínica Odontología Smartdent SPA ","Fidel Oteiza 1971",100,2272,"SI","UF"
"ENTEL",10000580858,"15-0085-040","Laboratorio LVN SPA","Av El Peñon 1467",10,2417,"SI","UF"
"ENTEL",10000580872,"15-0085-042","Laboratorio LVN SPA","Av Mexico 1915",10,2418,"SI","UF"
"ENTEL",10000593161,"18-0223-006","Grifols Chile S.A.","Lo Echevers 550, depto 44",100,2509,"SI","UF"
"ENTEL",10000620805,"21-0188-002","Bioformula","General Flores 38 ,Providencia.",100,2704,"SI","UF"
"TELEFONICA","LLAORB18243","21-0070-002","AMG COMUNICACIONES SPA","General Bustamante 144 of 42",100,2359,"SI","UF"
"TELEFONICA","LLAORB18246","15-0085-044","Laboratorio LVN SPA","Segunda Avenida 1411",200,"2379/3237","SI","UF"
"TELEFONICA","LLAORB18270","21-0048-001","Sociedad Educacional San Anselmo S.A.","CAMINO GUAY GUAY 10031",400,2353,"SI","UF"
"TELEFONICA","LLAORB18289","12-0004-091","AGROCOMMERCE S.A.","Jose Miguel Infante 8745",200,2385,"SI","UF"
"TELEFONICA","LLAORB18328","15-0085-041","Laboratorio LVN SPA","General Mackenna 1555 Loc 4",10,2407,"SI","UF"
"TELEFONICA","LLAORB18329","15-0085-038","Laboratorio LVN SPA","Avenida Jose Joaquin Perez 6094",10,2413,"SI","UF"
"TELEFONICA","LLAORB18386","15-0085-036","Laboratorio LVN SPA","Mapocho 4131",10,2404,"SI","UF"
"GTD","EnMPLSFO_010361961","19-0340-072","Servicios Médicos Medicien S.A","AVENIDA AMERICO VESPUCIO SUR 100 1,LAS CONDES,SANTIAGO",100,2828,"SI","UF"
"NETLINE AIR SPA","AIR-761993798-05","15-0085-065","Laboratorio LVN SPA","CARDENAL RAUL SILVA HENRIUEZ 6398 PEDRO AGUIRRE CERDA",10,2643,"SI","UF"
"NETLINE AIR SPA","AIR-761993798-07","21-0334-001","CHILEFOOD AGROCOMM SPA","CAMINO LO HERMóGENES KM 0.7, REQUINOA.",50,2646,"SI","UF"
"NETLINE AIR SPA","AIR-761993798-06","15-0085-063","Laboratorio LVN SPA","LO OVALLE 347, San Joaquin",10,2641,"SI","UF"
"NETLINE AIR SPA","AIR-761993798-04","15-0085-066","Laboratorio LVN SPA","TRES PONIENTE 2600 LOC 11 MAIPU",10,2644,"SI","UF"
"Grupo ZGH",,,"Orbyta Uso Interno Transito Ip","La Concepción 141",300,,"SI","USD"
"GTD"," EnMPLSFO_010372516",,"Servicios Médicos Medicien S.A","AVENIDA ANDRES BELLO 2299 1,PROVIDENCIA,SANTIAGO",100,2827,"SI","UF"
"ENTEL",10000627358,"14-0034-051","RESCATE TARAPACA SPA","LEONARDO DE VINCI 7209,LAS CONDES",100,2849,"SI","UF"
"ENTEL",10000632095,"21-0233-003","GOLD TELECOM INC","AVENIDA DEL VALLE NORTE 932 , HUACHURABA",100,2881,"SI","UF"
"CLARO","15-02-0010341779",,"Orbyta Trama E1 Pri","Servicio telefonico",,2450,"SI","UF"
"CLARO","20-03-0010248212","17-0214-006","Televisión Nacional de Chile","Francisco Puelma 58",1000,1838,"SI","UF"
"ENTEL",10000637001,"22-0392-004","FACTOTAL S.A","AVENIDA ANDRéS BELLO, 2233, PROVIDENCIA",100,2947,"SI","UF"
"ENTEL",10000646727,"15-0085-084","Laboratorio LVN SPA","CABILDO 166, LA FLORIDA",10,3061,"SI","UF"
"ENTEL","10000642870","13-0012-285","ORBYTA Sip Trunk","LA CONCEPCION 141 OF 101",,3017,"SI","UF"
"ENTEL",10000192126,"12-0008-018","Holdtech","Lira 278",100,306,"SI","UF"
"ENTEL",10000299842,"13-0006-008","CONSTRUCTORA EXCON","Faena La Negra",10,739,"SI","UF"
"ENTEL",10000300101,"12-0019-085","FUENZALIDA PROPIEDADES SANTIAGO S.A.","Rosario Sur 201",10,"754/2048","SI","UF"
"TELEFONICA","LLAORB18391","15-0085-039","Laboratorio LVN SPA","Los Molineros 1720",10,2406,"SI","UF"
"TELEFONICA","LLAORB18395","15-0085-027","Laboratorio LVN SPA","San Luis de Macul 6248",10,2399,"SI","UF"
"TELEFONICA","LLAORB18408","15-0085-032","Laboratorio LVN SPA","Lo Barnechea 840A",10,2411,"SI","UF"
"TELEFONICA","LLAORB18423","15-0085-029","Laboratorio LVN SPA","Domingo Santa Maria Altura 3305",10,2400,"SI","UF"
"ENTEL",10000309159,"12-0019-081","FUENZALIDA PROPIEDADES SANTIAGO S.A.","Av Irarrazaval 3601",10,842,"SI","UF"
"ENTEL",10000311063,"20-0213-001","SOCIEDAD DE CORRETAJES REINOSA SPA","Concistorial 2770",10,848,"SI","UF"
"TELEFONICA","LLAORB18573","21-0182-001","TRANSPROMO IMPRESORES SPA","AVENIDA LO ESPEJO 3130",100,2481,"SI","UF"
"TELEFONICA","LLAORB18589","15-0085-053","Laboratorio LVN SPA","AVENIDA PRESIDENTE PRIETO 52",10,2454,"SI","UF"
"TELEFONICA","LLAORB18695","18-0043-006","Teltonika de Chile SpA","Antonio Bellet 4444 of 1301",100,2535,"SI","UF"
"TELEFONICA","LLAORB18766","17-0214-024","Televisión Nacional de Chile ","Av Grecia 860 P2",50,2552,"SI","UF"
"TELEFONICA","LLAORB18884","19-0442-010","CFC CAPITAL S.A.","NAPOLEON 2898",200,"2306 / 2549","SI","UF"
"TELEFONICA","LLAORB19569","23-0009-001","LOM EDICIONES LIMITADA","CONCHA Y TORO 29",100,2959,"SI","UF"
"UFINET","CLCLORB10060672C",,"Orbyta","Entronque con NETLAND 1G",1000,2226,"SI","UF"
"STARLINK","01-ACC-1068952-59714-22 / KIT00223230","18-0127-035","YOLITO BALART HERMANOS LIMITADA ","Av San Martin 6800",,"ST 01","SI","CLP"
"STARLINK","01-ACC-1068952-59714-22 / KIT301415794",,"IMA SPA",,,"ST01 - 3254","SI","CLP"
"STARLINK","01-ACC-1068952-59714-22 / KIT301415789",,"IMA SPA",,,"ST01 - 3254","SI","CLP"
"STARLINK","01-ACC-1068952-59714-22 / KIT301415792",,"IMA SPA",,,"ST01 - 3254","SI","CLP"
"STARLINK","01-ACC-1068952-59714-22 /KIT302686478",,,,,"ST 01","SI","CLP"
"STARLINK","02-ACC-1163753-92437-16 / KIT00266458","18-0127-036","YOLITO BALART HERMANOS LIMITADA ","Barros Luco 3419 Lampa",,"ST 02","SI","CLP"
"STARLINK","03-ACC-1163817-85522-14 / KIT00266451","18-0127-037","YOLITO BALART HERMANOS LIMITADA ","ANTILLANCA 510, QUILICURA",,"ST 03","SI","CLP"
"STARLINK","04-ACC-1170292-90048-8 / KIT303238325",,"IMA SpA",,,"ST 04 - 3323","SI","CLP"
"STARLINK","04-ACC-1170292-90048-8 / KIT303238319",,"IMA SpA",,,"ST 04 - 3323","SI","CLP"
"STARLINK","04-ACC-1170292-90048-8 / KIT303238454",,"IMA SpA",,,"ST 04 - 3323","SI","CLP"
"STARLINK","04-ACC-1170292-90048-8 / KIT303238460",,"IMA SpA",,,"ST 04 - 3323","SI","CLP"
"STARLINK","05-ACC-1170312-49972-11 / KIT00266289","21-0188-001","FARMACEUTICA BIOFORMULA LIMITADA","SAN ISIDRO 825",,"ST 05","SI","CLP"
"STARLINK","05-ACC-1170312-49972-11 / KIT301415873",,"IMA SPA","Ancud",,"ST 05 - 3244","SI","CLP"
"STARLINK","05-ACC-1170312-49972-11 / KIT301415860",,"IMA SPA","Mejillones",,"ST 05 - 3244","SI","CLP"
"STARLINK","06-ACC-1172821-79506-14 / KIT00266430 ","18-0127-038","YOLITO BALART HERMANOS LIMITADA ","AVDA. LAS CONDES 7090",,"ST 06","SI","CLP"
"STARLINK","06-ACC-1172821-79506-14 / KIT",,,,,"ST 06","SI","CLP"
"STARLINK","07-ACC-1172829-86606-21 / KIT00266431","17-0296-017","H A M Carnicos Ltda","SAN BORJA 1045 - ESTACIÓN CENTRAL",,"ST 07","SI","CLP"
"STARLINK","08-ACC-1172837-99023-17 / KIT00266432","21-0176-028","Inversiones Ipcom Chile Limitada","DAVID ARELLANO 1949, Independencia",,"ST 08","SI","CLP"
"GTD","EnMPLSFO_010403307","17-0214-029","TVN","AVENIDA ANDRES BELLO 2325 11,PROVIDENCIA,SANTIAGO",,2968,"SI","UF"
"GTD","ID 3239114","13-0006-055","CONSTRUCTORA EXCON S.A","AVENIDA DEL CONDOR 550 1,HUECHURABA,SANTIAGO",,2791,"SI","UF"
"UFINET","CLCLORB10073448C","19-0324-032","BPO Advisors SpA ","Av del Valle 928",100,2348,"SI","UF"
"GTD","EnMPLSFO_010350113","21-0233-001","Gold Telecom INC","AVENIDA DEL PARQUE ORIENTE 1307 8,PUDAHUEL,SANTIAGO",30,2699,"SI","UF"
"GTD","EnMPLSFO_010371453","21-0233-022","Gold Telecom","AVENIDA DEL VALLE NORTE 932 7,HUECHURABA,SANTIAGO",,2858,"SI","UF"
"STARLINK","08-ACC-1172837-99023-17 / KIT302916141",,"IMA SPA",,,"ST 08 - 3292","SI","CLP"
"STARLINK","08-ACC-1172837-99023-17 / KIT302916135",,"IMA SPA",,,"ST 08 - 3292","SI","CLP"
"STARLINK","08-ACC-1172837-99023-17 / KIT302916147",,"IMA SPA",,,"ST 08 - 3292","SI","CLP"
"STARLINK","09-ACC-1316158-52041-2 / KIT300230455","20-0145-001","CEMENTERIO METROPOLITANO","AV. PRESIDENTE JOSé JOAQUíN PRIETO VIAL 8152, Lo Espejo",,"ST 09","SI","CLP"
"UFINET","CLCLORB10085097C",,"Orbyta","Capacidad Ethernet 100Mbps-DC Orbyta-cliente",,2553,"SI","UF"
"UFINET","CLCLORB10087325C",,"Orbyta","Entre DC Orbyta y DC Ufinet",10000,2585,"SI","UF"
"NETLINE AIR SPA","NAIR-761993798","13-0006-052","CONSTRUCTORA EXCON S.A","Cañada del Carmen parcela 7, Lampa ",20,2805,"SI","UF"
"GTD","RedPriv_Enlace_010403308 ","23-0007-001","MERSEN CHILE LIMITADA","AVENIDA EINSTEIN 781,RECOLETA,SANTIAGO",,2976,"SI","UF"
"GTD","EnMPLSFO_010309731","12-0004-192","AGROCOMMERCE S.A.","AVENIDA JOSE MIGUEL INFANTE 8745,RENCA,SANTIAGO",200,2524,"SI","UF"
"Grupo ZGH","KVM-04-4G",,"Orbyta Uso Interno Transito Ip","La Concepción 141",,,"SI","$"
"Grupo ZGH","Burstable Percentil 99 ",,"Orbyta Uso Interno Transito Ip","La Concepción 141",,,"SI","USD"
"UFINET","CLCLORB10087782C","19-0139-012","Clínica Odontología Smartdent SPA","NUEVA DE LYON 72",100,2592,"SI","UF"
"UFINET","CLCLORB10091594C"," 13-0012-273","Nodo Edificio LC7","Avenida Presidente Riesco 5537, Las Condes.",100,2679,"SI","UF"
"GTD","RedPriv_010394285 ","18-0127-039","Yolito","AVENIDA LAS CONDES 7090,LAS CONDES,SANTIAGO",,2932,"SI","UF"
"GTD"," EnMPLSFO_010361091","16-0078-072","Pentacrom SA","AVENIDA MARATHON 3610,MACUL,SANTIAGO",,3177,"SI","UF"
"GTD","EnMPLS-FO_010296554","16-0078-060","PENTACROM S.A","AVENIDA OJOS DEL SALADO 3115,VALPARAISO,VALPARAISO",100,2387,"SI","UF"
"CLARO","20-06-0010110660",,"Orbyta","E1 Adicional + 100 numeros",,"534/2204","SI","UF"
"STARLINK","10-ACC-1499517-95156-27 / KIT300231370","18-0002-036","Hotel La Leonera SPA","CAMINO LA LEONERA S/N",,"ST 10","SI","CLP"
"STARLINK","11-ACC-1502346-18598-17 / KIT300232961","23-0013-001","Delgado","AVENIDA LAS ACACIAS 02500, San Bernardo",,"ST 11","SI","CLP"
"STARLINK","12-ACC-1502373-85148-12 / KIT300232283","17-0061-023","EGC SpA","JOSé MIGUEL INFANTE 8765, Renca",,"ST 12","SI","CLP"
"STARLINK","13-ACC-1523203-11200-85 / KIT300232717","22-0059-003","IMA SPA","V822 W9F COLINA  (FAENA LAS TORTOLAS)",,"ST 13","SI","CLP"
"UFINET","CLCLORB10091599C","17-0214-028","TVN","Eliodoro Yañez 1783",10,2661,"SI","UF"
"GTD","EnMPLSFO_010392275","15-0085-079","Laborarotio LVN SpA","AVENIDA PRESIDENTE JOSE BATTLE Y ORDONEZ 3923,NUNOA,SANTIAGO",,2916,"SI","UF"
"GTD"," EnMPLSFO_010375285 ","17-0214-026","TVN Pamplona","AVENIDA PROVIDENCIA 1208,PROVIDENCIA,SANTIAGO",,2855,"SI","UF"
"GTD"," RedPriv_010533314 (EnMPLSFO_010361688)","16-0024-015","Inversiones Java SpA","AVENIDA PROVIDENCIA 2348,PROVIDENCIA,SANTIAGO",10,2900,"SI","UF"
"STARLINK","13-ACC-1523203-11200-85 / KIT302915069","22-0059-021","IMA SPA","MINERA CENTINELA CAMINO RUTA B229 KM 30 NOROESTE DE SIERRA GORDA",,"ST 13 - 3292","SI","CLP"
"STARLINK","13-ACC-1523203-11200-85 / KIT303030893",,"IMA SPA",,,"ST 13 - 3292","SI","CLP"
"STARLINK","13-ACC-1523203-11200-85 / KIT302915075"," 22-0059-005","IMA SPA","AV. FERTILIZANTES SUBESTACION ATACAMA TRANSELEC, MEJILLONES",,"ST 13 - 3292","SI","CLP"
"STARLINK","13-ACC-1523203-11200-85 / KIT303238323",,"IMA SPA",,,"ST 13 - 3323","SI","CLP"
"STARLINK","14-ACC-1728777-84730-26 / KIT300663632","21-0099-012","PROMET MONTAJES SPA (disponible)","INSTALACIóN DE FAENA CICLONES 33°07’48”S - Colina",,"ST 14","SI","CLP"
"STARLINK","15-ACC-1728900-85269-22 / KIT300663628","Casa JO","JOSE OLEA ex Gestion Vial","Oxford 631",,"ST 15","SI","CLP"
"GTD","EnMPLSFO_010343698","13-0096-005","DELLA TOFFOLA SUDAMERICA S.A.","AVENIDA PUERTA SUR 0 3400,SAN BERNARDO,MAIPO",20,2602,"SI","UF"
"GTD"," EnMPLSFO_010379879 ","21-0070-010","AMG COMUNICACIONES SPA ","BANDERA 84,SANTIAGO,SANTIAGO",,2854,"SI","UF"
"GTD","EnMPLSFO_010208566","18-0127-013","YOLITO BALART HERMANOS LIMITADA","Barros Luco 3419 Lampa",100,2036,"SI","UF"
"UFINET","CLCLORB10091600C","13-0012-314","Nodo Valle 2","AV. DEL VALLE 576",100,2662,"SI","UF"
"GTD","EnMPLSFO_010357854","18-0230-004","Elaboradora de envases EDENSA","CAMINO BUIN MAIPO 2060,BUIN,MAIPO",100,2762,"SI","UF"
"GTD","EnMPLS-FO_010369505","16-0078-065","Pentacrom SA","CAMINO LOS CARROS 1955 5B16,CONCEPCION,CONCEPCION",,2815,"SI","UF"
"GTD","EnMPLSFO_010426649","21-0233-005","GoldTelecom","CANAL LA PUNTA 8770,RENCA,SANTIAGO",,3007,"SI","UF"
"GTD"," RedPriv_010533311 (EnMPLSFO_010361089)","18-0141-023","Inmobiliaria Gracia","CARLOS FERNANDEZ CONCHA 260,SAN JOAQUIN,SANTIAGO",100,2899,"SI","UF"
"GTD"," EnMPLSFO_010462248","16-0012-020","Asesorías legales RV Ltda.","DON CARLOS 2939 7,LAS CONDES,SANTIAGO",100,3216,"SI","UF"
"STARLINK","16-ACC-1897955-47689-43 / KIT301067628","22-0322-019","PRODALAM S A","AVENIDA OHIGGINS 2963, CHILLAN NORTE",,"ST16","SI","CLP"
"STARLINK","16-ACC-1897955-47689-43 / KIT301099028","22-0322-020","PRODALAM S A","CALLE PRESIDENTE RIOS 1099, VILLARRICA",,"ST16","SI","CLP"
"STARLINK","16-ACC-1897955-47689-43 / KIT301099996","22-0322-015","PRODALAM S A","AVDA. EL AGUA 15320,  PARQUE INDUSTRIAL LA PORTADA, ANTOFAGASTA",,"ST16","SI","CLP"
"STARLINK","16-ACC-1897955-47689-43 / KIT301100001","22-0322-014","PRODALAM S A","RUTA A-16 4550, ALTO HOSPICIO - Iquique",,"ST16","SI","CLP"
"STARLINK","16-ACC-1897955-47689-43 / KIT301101387","12-0009-035","UNION PACIFIC TRADING CHILE COMERCIAL LTDA. (UPAC)","CARRETERA SAN MARTíN S/N, Colina",,"ST16","SI","CLP"
"STARLINK","16-ACC-1897955-47689-43 / KIT301101388","22-0322-016","PRODALAM S A","BAQUEDANO 882, VILLA ALEMANA, VALPARAíSO",,"ST16","SI","CLP"
"STARLINK","16-ACC-1897955-47689-43 / KIT301418580",,"IMA SPA","Salamanca",,"ST16 - 3236","SI","CLP"
"STARLINK","16-ACC-1897955-47689-43 / KIT301419782",,"IMA SPA","Iquique",,"ST16 - 3236","SI","CLP"
"STARLINK","17-ACC-1898207-28830-21 / KIT300809858","15-0102-149","AGROCOMERCIAL CODIGUA SPA","FUNDO MULPULMO KM. 16 RUTA N° 215 (retornó este equipo?)",,"ST17","SI","CLP"
"STARLINK","17-ACC-1898207-28830-21 / KIT301098983","23-0367-003","Industrias Ceresita S A","Camino Santa Marta 1050, Maipú",,"ST17 - 3142","SI","CLP"
"STARLINK","17-ACC-1898207-28830-21 / KIT301099004","23-0367-005","Industrias Ceresita S A","Pedro Antonio González 3702, Estación Central",,"ST17 - 3143","SI","CLP"
"STARLINK","17-ACC-1898207-28830-21 / KIT301099005","23-0367-001","Industrias Ceresita S A","Camino Lo Echevers 851, Quilicura",,"ST17 - 3141","SI","CLP"
"STARLINK","17-ACC-1898207-28830-21 / KIT301128617","22-0322-013","PRODALAM S A","AVDA. SIMóN BOLIVAR, PUERTA LAS AMéRICAS - Arica",,"ST17 - 3123","SI","CLP"
"STARLINK","17-ACC-1898207-28830-21 / KIT301129905","15-0102-149","AGROCOMERCIAL CODIGUA SPA","FUNDO MULPULMO KM. 16 RUTA N° 215",,"ST17 - 3163","SI","CLP"
"STARLINK","17-ACC-1898207-28830-21 / KIT301130411","14-0115-007 ","Grow Southwest S.A. (UPAC)","Crucero de Pencahue, San Vicente",,"ST17 - 3161","SI","CLP"
"STARLINK","17-ACC-1898207-28830-21 / KIT301130412","23-0464-001 ","SOC AGRICOLA HUINGAN LIMITADA","SAN LUIS S/N SECTOR LOS BOLDOS, LOS ÁNGELES",,"ST17 - 3160","SI","CLP"
"STARLINK","17-ACC-1898207-28830-21 / KIT301062064","Orbyta","Instalcion o Soporte","La Concepcion 141",,"ST17","SI","CLP"
"STARLINK","18-ACC-1901700-52644-4 / KIT300807367","15-0102-147","AGROCOMERCIAL CODIGUA SPA","ARTURO PRAT 372, Purranque",,"ST18 (2924)","SI","CLP"
"STARLINK","19-ACC-1903494-79459-29 / KIT301098692","21-0099-008","PROMET MONTAJES SPA (disponible)","INSTALACIóN DE FAENA CICLONES 33°07’48”S",,"ST19","SI","CLP"
"STARLINK","20-ACC-1907502-78191-15 / KIT301098702","15-0102-146","AGROCOMERCIAL CODIGUA SPA","RUTA 68 - KM 47,5 ( TALAGANTE) 33º42`25.1”S 71º00`40.4W",,"ST20","SI","CLP"
"STARLINK","20-ACC-1907502-78191-15 / KIT301417928","23-0423-004","HALLIBURTON SERVICIOS CHILE LIMITADA","CALLE DEL ARRIERO 05872, Punta Arenas",,"ST20 - 3236","SI","CLP"
"STARLINK","20-ACC-1907502-78191-15 / KIT",,"IMA SPA",,,"ST20 - 3254","SI","CLP"
"STARLINK","20-ACC-1907502-78191-15 / KIT",,"IMA SPA",,,"ST20 - 3254","SI","CLP"
"STARLINK","20-ACC-1907502-78191-15 / KIT",,"IMA SPA",,,"ST20 - 3254","SI","CLP"
"STARLINK","21-ACC-1937010-83356-11 / KIT301099059","Bodega Soporte","Soporte Orbyta","La Concepcion 141",,"ST21 - 2995","SI","CLP"
"STARLINK","22-ACC-1937403-12402-1 / KIT300807356","21-0099-016","PROMET MONTAJES SPA (disponible)","V74W+HH6 Colina, Chile",,"ST22 - 2924","SI","CLP"
"STARLINK","23-ACC-1938002-17212-1 / KIT300807428"," 15-0102-154","AGROCOMERCIAL CODIGUA SPA","ARTURO PRAT 372 (PURRANQUE 2)",,"ST23 - 2924","SI","CLP"
"STARLINK","23-ACC-1938002-17212-1 / KIT301067635","22-0322-017","PRODALAM S A","SANTA ADELA 10300, Maipu",,"ST23","SI","CLP"
"STARLINK","23-ACC-1938002-17212-1 / KIT301099031","22-0322-018","PRODALAM S A","ORIENTE LOTES 27 Y 28 MANZANA D, PARQUE INDUSTRIAL ESCUADRóN, CORONEL",,"ST23","SI","CLP"
"STARLINK","24-ACC-1938028-18236-16 / KIT300805910","15-0102-145","AGROCOMERCIAL CODIGUA SPA","Nataniel Cox 1935, Santiago",,"ST24 - 2924","SI","CLP"
"STARLINK","24-ACC-1938028-18236-16/KIT302725604",,"IDE Chile - SPA","Punta Blanca, Tocopilla,",,"ST24","SI","CLP"
"STARLINK","24-ACC-1938028-18236-16/KIT302725592",,"IMA SPA","Chillán, Chillan, Ñuble, Chile",,"ST24","SI","CLP"
"STARLINK","24-ACC-1938028-18236-16/KIT302725605",,"IMA SPA",,,"ST24","SI","CLP"
"STARLINK","24-ACC-1938028-18236-16/KIT302725606",,"IMA SPA","Colina, Santiago",,"ST24","SI","CLP"
"STARLINK","25-ACC-1938047-91869-30 / KIT300806850","22-0458-019","LABORATORIO LAVETSAN LIMITADA","JUANA CANALES 990,TALAGANTE,TALAGANTE",,"ST25 - 2924","SI","CLP"
"STARLINK","25-ACC-1938047-91869-30 / KIT KIT302725533",,"Bidfood Chile S.A ",,,"ST25 - 3254","SI","CLP"
"STARLINK","25-ACC-1938047-91869-30 / KIT KIT302725603",,"IMA SPA",,,"ST25 - 3254","SI","CLP"
"STARLINK","26-ACC-1947332-38715-18 / KIT300806836","15-0102-144","AGROCOMERCIAL CODIGUA SPA","AMéRICO VESPUCIO (ICESTAR)",,"ST26","SI","CLP"
"GTD","EnMPLSFO_010425471","21-0233-004","Gold Telecom INC","FLOR DE AZUCENA 42 5,LAS CONDES,SANTIAGO",100,2992,"SI","UF"
"GTD","EnMPLSFO_010358328","18-0127-029","Yolito Colina","GENERAL SAN MARTIN 6800, COLINA, CHACABUCO",100,2752,"SI","UF"
"TELEFONICA","LLAORB19816","23-0204-002","Loteo Agricola Privado Las Brisas de Chicureo","Carretera Gneral San Martin, Colina",100,3102,"SI","UF"
"GTD"," EnMPLS-FO_010408345","16-0078-069","PENTACROM S.A ","ITALIA 2313 B9, PUERTO MONTT, LLANQUIHUE",100,2984,"SI","UF"
"GTD","RedPriv_010393545","22-0458-002","LABORATORIO LAVETSAN LIMITADA ","JUANA CANALES 990,TALAGANTE,TALAGANTE",,2928,"SI","UF"
"GTD","EnMPLSFO_010350944","22-0110-001","El Condor Combustibles S.A.","LAS URBINAS 53 14",100,2739,"SI","UF"
"GTD","EnMPLSDC_010339005","13-0012-261","Orbyta","LIDICE 652,SANTIAGO,SANTIAGO",1000,2476,"SI","UF"
"GTD","EnMPLSFO_010347517",,"Enlace MPLS Datacenter","LIDICE 697,SANTIAGO",1000,2695,"SI","UF"
"UFINET","CLCLORB10091601C","13-0012-308","Nodo Barros Borgoño2","Dr Manuel Barros Borgoño 160",,2663,"SI","UF"
"UFINET","CLCLORB10091602C","18-0507-044","ADMINISTRADORA COLEGIOS PEDRO DE VALDIVIA SPA","PEDRO DE VALDIVIA 1939",100,2664,"SI","UF"
"GTD","Mbps RedPriv_010533307 ","13-0012-277","Nodo Los abedules","LOS ABEDULES 3085 -2,VITACURA,SANTIAGO",100,2896,"SI","UF"
"GTD","RedPriv_010402381"," 23-0012-001","COLORAMA S.A","LOS ALERCES 2096,NUNOA,SANTIAGO",,2960,"SI","UF"
"GTD","Mbps RedPriv_010533313","13-0012-278","Nodo Altos del Plomo A","LOS MILITARES 5890 -2 PISO -2, LAS CONDES, SANTIAGO",,2897,"SI","UF"
"GTD"," RedPriv_010378647 ","13-0012-281","Nodo Britania","LOS MILITARES 5953 -3,LAS CONDES,SANTIAGO",300,2883,"SI","UF"
"UFINET","CLCLORB10091604C","13-0012-305","Nodo Centro Kennedy","Avenida Kennedy 5770",,2666,"SI","UF"
"UFINET","CLCLORB10091606C","13-0012-293","Orbyta Nodo Antonio Bellet","Antonio Bellet  292",100,2667,"SI","UF"
"UFINET","CLCLORB10091607C","13-0012-309","ORBYTA","Avenida Kennedy 5488, Las Condes.",100,3178,"SI","UF"
"GTD","Mbps RedPriv_010534342 EnMPLSFO_010361097)","15-0102-137","AGROCOMERCIAL CODIGUA SPA","NATANIEL COX 1935, SANTIAGO, SANTIAGO",,2818,"SI","UF"
"GTD","EnMPLSFO_010393544","22-0458-002","LABORATORIO LAVETSAN LIMITADA","RAMON SUBERCASEAUX 1268 9 909, SAN MIGUEL, SANTIAGO",100,2927,"SI","UF"
"GTD","RedPriv_010384289 ","19-0139-017","Clínica Odontología Smartdent SPA","SAN MARTIN 524,CONCEPCION,CONCEPCION",,2955,"SI","UF"
"NETLINE AIR SPA","NAIR-761993798-07"," 15-0085-085","Laboratorio LVN SPA","CAMINO A MELIPILLA 18300 LOCAL 6 MAIPU",10,"3084 / 2642","SI","UF"
"UFINET","CLCLORB10091609C","13-0012-306","Nodo Barros Borgoño","Dr Barros Borgoño 71",,2670,"SI","UF"
"UFINET","CLCLORB10091611C","15-0067-040","ASOEX","Cruz del Sur 133, Las Condes",,2676,"SI","UF"
"UFINET","CLCLORB10091613C","13-0012-307","Nodo Barros Errazuriz","Barros Errázuriz 1900",,2673,"SI","UF"
"TELEFONICA","LLAORB20013-L3","23-0262-003","Comercial Dialum","AV. PDTE. EDUARDO FREI MONTALVA 18600",200,3186,"SI","UF"
"STARLINK","26-ACC-1947332-38715-18 / KIT300806842"," 23-0255-002","CENCOSUD S.A. - Se retira en julio del cliente, donde está?","SAN JOSE DE MAIPO 7722 , PUENTE ALTO",,"ST26","SI","CLP"
"STARLINK","26-ACC-1947332-38715-18 / KIT300809207","18-0128-001","CODELPA CHILE S.A.","AV INDEPENDENCIA 3055",,"ST26","SI","CLP"
"STARLINK","26-ACC-1947332-38715-18 / KIT301062854","21-0192-003","TERQUIM S.A. (Odfjell Terminals Terquim S.A)","AVENIDA COSTANERA ORIENTE 4900  MEJILLONES, REGIóN DE ANTOFAGASTA",,"ST26","SI","CLP"
"STARLINK","26-ACC-1947332-38715-18 / KIT301063540","23-0153-009","KINCELL SPA","LAS CATALPAS 500, Quilicura",,"ST26","SI","CLP"
"STARLINK","26-ACC-1947332-38715-18 / KIT301063552","23-0153-001","KINCELL SPA","MAPOCHO 5998, Quinta Normal",,"ST26","SI","CLP"
"STARLINK","26-ACC-1947332-38715-18 / KIT301065915","22-0322-006","Prodalam S A","AVDA. ALESSANDRI 1990, Curicó",,"ST26","SI","CLP"
"STARLINK","26-ACC-1947332-38715-18 / KIT301065943","22-0539-001","Gestion Vial Limitada","RUTA 60 CH KM. TúNEL CRISTO REDENTOR, LOS ANDES (Cancha Pelada, Los Andes)",,"ST26","SI","CLP"
"STARLINK","26-ACC-1947332-38715-18 / KIT301066076","15-0106-080","Bidfood Chile S.A ","CAMINO LO ECHEVERS 550, QUILICURA",,"ST26","SI","CLP"
"STARLINK","26-ACC-1947332-38715-18 / KIT301066542","21-0192-005","TERQUIM S.A. (Odfjell Terminals Terquim S.A)","RECINTO PORTUARIO - CASILLA 148 SAN ANTONIO, REGIóN DE VALPARAíSO",,"ST26","SI","CLP"
"STARLINK","26-ACC-1947332-38715-18 / KIT301067365","22-0322-007","Prodalam S A","Av Las Industrias 7060, Los Angeles",,"ST26","SI","CLP"
"STARLINK","26-ACC-1947332-38715-18 / KIT301067825","15-0102-150","AGROCOMERCIAL CODIGUA SPA","Santa Laura 9, Talagante",,"ST26","SI","CLP"
"STARLINK","26-ACC-1947332-38715-18 / KIT301098462","22-0322-012","Prodalam S A","CARLOS VALDOVINOS 1553, San Miguel",,"ST26","SI","CLP"
"STARLINK","26-ACC-1947332-38715-18 / KIT301098803","22-0322-011","Prodalam S A","Las Canteras 110, Valparaiso",,"ST26","SI","CLP"
"STARLINK","26-ACC-1947332-38715-18 / KIT301102059","22-0322-008","PRODALAM SALAMANCA COQUIMBO","PROVIDENCIA 495, Salamanca, Coquimbo, Chile",,"ST26","SI","CLP"
"STARLINK","26-ACC-1947332-38715-18 / KIT301102061","22-0322-009","PRODALAM LA CALERA VALPARAISO","JOSÉ JOAQUíN NúñEZ 73, La Calera",,"ST26","SI","CLP"
"STARLINK","26-ACC-1947332-38715-18 / KIT301102064","22-0322-010","Prodalam S A","KM. 6,5 SECTOR RECTA FOITZICK, CAMINO A BALMACEDA,, Coyhaique",,"ST26","SI","CLP"
"STARLINK","26-ACC-1947332-38715-18 / KIT301130759","23-0287-004","INGENIERIA Y MOVIMIENTO DE TIERRAS TRANEX LIMITADA","AMERICO VESPUCIO 2001, Huechuraba",,"ST26","SI","CLP"
"STARLINK","26-ACC-1947332-38715-18 / KIT301130762","Bodega Soporte o Instalaciones???","Soporte Orbyta o Instalaciones??","La Concepcion 141",,"ST26","SI","CLP"
"STARLINK","26-ACC-1947332-38715-18 / KIT301132284","23-0090-001","ECOENER SERVICIOS S.A","-38.83761125,- 71.8130858,48 ,PREDIO SAN LORENZO S/N, MELIPEUCO, REGIóN DE LA ARAUCANíA. ZONA 19 H",,"ST26","SI","CLP"
"STARLINK","26-ACC-1947332-38715-18 / KIT301132313","22-0605-005","Sociedad Comercial Allendes Hermanos Limitada","AVENIDA AEROPUERTO 7308, Cerrillos",,"ST26","SI","CLP"
"NETLINE AIR SPA","NAIR-761993798-02","15-0085-060","Laboratorio LVN SPA","Central 6008, Pedro Aguirre Cerda",,2613,"SI","UF"
"NETLINE AIR SPA","NAIR-761993798","15-0085-061","Laboratorio LVN SPA","Cardenal Silva Henríquez 7987, La Granja",,2613,"SI","UF"
"UFINET","CLCLORB10091615C","SIN OS Enlace GTD Instalado","Nodo Parque Oriente (aceptamos la instalación por error)","ALONSO DE CORDOVA 5320",,2674,"SI","UF"
"UFINET","CLCLORB10091617C","12-0001-049","IMPORTADORA DILACO S.A.","ANIBAL ZAñARTU 2849",100,2675,"SI","UF"
"UFINET","CLCLORB10091620C","19-0340-046","Servicios Médicos Medicien S.A","Andres Bello 2294",50,2677,"SI","UF"
"UFINET","CLCLORB10094208C","22-0166-001","Perez de la Fuente Hermanos Ltda (bellota)","Providencia  entronque-Complejo Los Libertadores (Libertador Bernardo Ohiggins 139) ",10,2708,"SI","UF"
"UFINET","CLCLORB10094362C","18-0127-027","YOLITO BALART HERMANOS LIMITADA","La concepcion 141, Providencia -General San Martin 6800, Colina",100,2720,"SI","UF"
"UFINET","CLCLORB10096704C","22-0231-001","Solmex","Los Libertadores 126 (Solmex), Colina",100,2751,"SI","UF"
"UFINET","CLCLORB10099915C","22-0240-003","Composites Express","Manuel Rodriguez Sitio 65C",100,2794,"SI","UF"
"UFINET","CLCLORB10103327C","22-0349-010","LegalChile S.A.","Presidente Riesco 5335, of. 302 Las Condes",50,2844,"SI","UF"
"UFINET","CLCLORB10104203C","22-0382-001","Nutrapharm S.A.","Bernardo Ohiggins 156, Colina (Nutrapharm)",30,2856,"SI","UF"
"UFINET","CLCLORB10110083C","22-0534-001","APW Chile","Av Presidente Riesco 5561, of 501, Las Condes",200,2942,"SI","UF"
"GTD"," RedPriv_010378648 ",,"TNS Chile Technetsecurity S.A ","SANTO DOMINGO 1410 1,SANTIAGO,SANTIAGO",100,2882,"SI","UF"
"GTD","EnMPLSFO_010347517","22-0009-001","AC SECURITY LIMITADA","Valentin Letellier 1350",100,2636,"SI","UF"
"TELEFONICA","LLXORB18689","15-0085-054","Laboratorio LVN SPA","GRAN AVENIDA 95001",10,2540,"SI","UF"
"TELEFONICA","SIP2306473 LLAORB19663-L3",,"Orbyta","La Concepcion 141 a Chiloe 1930",100,2957,"SI","UF"
"STARLINK","B-ACC-3456173-71210-5 / KIT00266290","12-0001-044","Dilaco Renca","Aníbal Zañartu 2849",,"STB","SI","CLP"
"UFINET","CLCLORB10120211C","23-0287-005","INGENIERIA Y MOVIMIENTO DE TIERRAS TRANEX LIMITADA","AMERICO VESPUCIO 2001, HUACHURABA",100,3324,"SI","UF"
"TELEFONICA","LLAORB20073","22-0458-020","LABORATORIO LAVETSAN LIMITADA","JUANA CANALES 990,TALAGANTE,TALAGANTE",100,3242,"SI","UF"
"STARLINK","B-ACC-3456173-71210-5 / KIT301099059",,"Soporte Orbyta","San Bernardo",,"STB","SI","CLP"
"GTD","EnMPLSFO_010467937",,,"AVENIDA QUILIN 8669, PENALOLEN, SANTIAGO",,,"SI","UF"
"ENTEL",,,"Entronque Sip",,,,"SI","UF"
"STARLINK","16-ACC-1897955-47689-43 / KIT301098615",,,,,"STB","SI","CLP"
